name,class,subclass,durability,strength,description
Ancient Short Sword,Weapon,Light,54.0,40.0,"The blade of this sword was made using an ancient power lost to this modern age. Its blade appears only when drawn, and its cutting power surpasses metal swords."
Blizzard Rod,Weapon,Light,32.0,10.0,A magical rod that can cast extreme cold in a wide range. These are crafted from refined ice found at the summit of Hebra Peak. It will break when depleted.
Boko Club,Weapon,Light,8.0,4.0,"A crude Bokoblin club made to clobber small prey. It's essentially a stick, so its durability is low."
Bokoblin Arm,Weapon,Light,5.0,5.0,"A skeletal arm that keeps moving even after it's severed from its body. It's kind of gross to strap it to your back, but it'll do in a pinch. It's old and fragile, so it's quick to break."
Boomerang,Weapon,Light,18.0,8.0,This throwing weapon was originally used by the forest-dwelling Koroks. Its unique shape allows it to return after being thrown.
Demon Carver,Weapon,Light,25.0,40.0,This lethal weapon is forged by the Yiga. Its unique shape facilitates the sound dispatching of any target and strikes fear into the hearts of all who see it.
Dragonbone Boko Club,Weapon,Light,18.0,24.0,This Bokoblin club has been reinforced with fossilized bones to maximize clobbering potential. Only the brawniest of Bokoblins can manage its immense weight.
Eightfold Blade,Weapon,Light,26.0,15.0,A single-edged sword traditional to the Sheikah tribe. Forged using ancient technology it just may be among the sharpest conventional weapons ever made.
Fire Rod,Weapon,Light,14.0,5.0,"A magical rod that can cast fireballs. The rod will break if it strikes something directly, so use it wisely."
Fishing Harpoon,Weapon,Light,12.0,8.0,A fisherman's tool that excels at catching large fish. Its particularly sharp spearhead makes it valuable as a weapon as well.
Flameblade,Weapon,Light,36.0,24.0,This magical sword was forged in the lava of Death Mountain. It leaves white-hot flames in its wake when the blade glows red.
Forest Dweller's Sword,Weapon,Light,27.0,22.0,"Koroks made this sword for Hylians. It's made of wood, so it isn't the best choice for head-on attacks. Its original intent was likely clearing vines to forge paths through forests."
Frostblade,Weapon,Light,30.0,20.0,"A magical sword forged in the frigid mountains of the Hebra region. When the blade glows blue, enemies struck by it will become frozen."
Gerudo Scimitar,Weapon,Light,23.0,16.0,"This common sword is often carried by Gerudo women for self-defense. Its short, curved blade is easily recognized."
Goddess Sword,Weapon,Light,45.0,28.0,"A sword said to have once belonged to a hero from the sky. Its blade houses the fire of the Goddess. When wielded, a strange yet heavenly breeze kicks up around you."
Guardian Sword,Weapon,Light,17.0,20.0,A sword often wielded by Guardian Scouts. Its blue energy blade is a product of ancient technology. It's not very durable.
Guardian Sword+,Weapon,Light,26.0,30.0,"This Guardian sword has enhanced power over the standard model. Its cutting capabilities are improved, and its durability has seen a slight uptick."
Guardian Sword++,Weapon,Light,32.0,40.0,"The abilities of this Guardian sword have been boosted to the maximum, as evidenced by its increase in size. It slices through armor like a hot knife through butter!"
Ice Rod,Weapon,Light,14.0,5.0,A magical rod crafted from refined ice found in the Hebra Mountains. This rod can cast waves of freezing air. Great for magic—not so great for melee.
Knight's Broadsword,Weapon,Light,27.0,26.0,Knights of Hyrule once carried this sword. These days it's the weapon of choice for seasoned adventurers thanks to its ease of use and high attack power.
Lightning Rod,Weapon,Light,14.0,5.0,A magical rod that can shoot balls of electricity. Its gem contains lightning from the Hyrule Hills. It's not recommended to use as a melee weapon.
Lizal Boomerang,Weapon,Light,17.0,14.0,A curved sword favored by the Lizalfos. It can be used to attack directly or can be thrown like a boomerang.
Lizal Forked Boomerang,Weapon,Light,25.0,24.0,"Blue Lizalfos in particular like this weapon. It has one more blade than the Lizal boomerang to give it additional cutting power, and it still returns when thrown."
Lizal Tri-Boomerang,Weapon,Light,27.0,36.0,"More blades means more attack power! It can be used as a boomerang, but all those blades makes that a bit more dangerous. Carried by Black Lizalfos seasoned in battle."
Lizalfos Arm,Weapon,Light,8.0,12.0,"The arm of a Stalizalfos that continues to struggle even in death. It can be used as a weapon, but it's very brittle. You can feel it wiggling when you strap it to your back..."
Lynel Sword,Weapon,Light,26.0,24.0,"This Lynel-made sword was designed with smashing in mind rather than slicing. It's on the heavy side compared to what Hylians are used to, but it's very strong."
Master Sword,Weapon,Light,0.0,30.0,The Legendary sword that seals the darkness. Its blade gleams with a sacred luster that can oppose the Calamity. Only a hero chosen by the sword itself may wield it.
Meteor Rod,Weapon,Light,32.0,10.0,"A magical rod that can cast three fireballs at once, crafted by an ancient magician. It will break upon running out of magical energy, so make it last!"
Mighty Lynel Sword,Weapon,Light,32.0,36.0,This Lynel-made sword boasts more blades and more attack power. A skilled Lynel can draw this sword simply in passing and still cut a foe in two.
Moonlight Scimitar,Weapon,Light,32.0,25.0,Delicate Gerudo carvings decorate this curved sword. The engraved blade is extremely sharp. Apparently it once served ceremonial purposes in festivals.
Royal Broadsword,Weapon,Light,36.0,36.0,The Hyrulean royal family would award this sword to knights who achieved remarkable feats. A sword that balances strength and beauty as elegantly as this one is a rare find.
Royal Guard's Sword,Weapon,Light,14.0,48.0,"A Sheikah-made replica of the sword that seals the darkness. It was made with ancient technology to oppose the Great Calamity, but its low durability made it inefficient."
Rusty Broadsword,Weapon,Light,8.0,6.0,A rusty sword used ages ago by a skilled swordsman. It can do some damage in the right hands but also breaks quickly.
Savage Lynel Sword,Weapon,Light,41.0,58.0,"A brutal sword carried by white-haired Lynels. The savage blades are strong enough to cut down any foe, no matter how strong."
Scimitar of the Seven,Weapon,Light,60.0,32.0,"A famous sword once beloved by the Gerudo Champion Urbosa. It is said that when Urbosa swung this sword in battle, her movements resembled a beautiful dance."
Sea-Breeze Boomerang,Weapon,Light,20.0,20.0,A boomerang said to have been used by a hero who traveled the Great Sea. It smells faintly of salt water.
Soldier's Broadsword,Weapon,Light,25.0,14.0,A sword brandished by the soldiers who once protected Hyrule Castle. Its durable blade is well tuned for slaying monsters.
Soup Ladle,Weapon,Light,5.0,4.0,"A kitchen implement often used for serving delicious soups. It was carved from the wood of a sturdy tree, so it actually packs quite the wallop."
Spiked Boko Club,Weapon,Light,14.0,12.0,A reinforced Bokoblin club made to maximize damage. The sharpened bones jabbed into it make it a brutal weapon.
Spring-Loaded Hammer,Weapon,Light,80.0,1.0,"This strange hammer is one of Kilton's specialties. Being struck by it doesn't hurt much, but the fourth swing in a string of attacks will send the victim flying."
Sword,Weapon,Light,27.0,22.0,"A sword once wielded by a hero in an ancient age. When grasped, a strange sense of nostalgia washes over you. Take it when going alone would otherwise be dangerous."
Thunderblade,Weapon,Light,36.0,22.0,"A magical sword forged and refined by lightning from the Hyrule Hills. When the blade shines with a golden light, it will electrocute enemies struck by it."
Thunderstorm Rod,Weapon,Light,32.0,10.0,"A magical rod that can hurl three balls of electricity at once. Its gem contains electricity from the Hyrule Hills, and the rod will break when that electricity runs out."
Torch,Weapon,Light,8.0,2.0,"This torch will stay lit once ignited. If you put it away, the flame will be extinguished until you light it again."
Traveler's Sword,Weapon,Light,20.0,5.0,"A very common sword often kept by travelers to fend off small beasts. It's fairly durable, but a bit unreliable against monsters."
Tree Branch,Weapon,Light,4.0,2.0,"Wooden branches such as this are pretty common, but it's surprisingly well-balanced. It doesn't do much damage but can serve as a weapon in a pinch."
Vicious Sickle,Weapon,Light,14.0,16.0,A grim weapon favored by the Yiga. The half-moon shape of the blade allows for the rapid delivery of fatal wounds and serves as a symbol of their terror. Its durability is low.
Zora Sword,Weapon,Light,27.0,15.0,The ornamentation that adorns this blade is a traditional Zora design. It's forged from a very durable and rust-proof metal.
Ancient Battle Axe,Weapon,Heavy,15.0,30.0,"A weapon used by Guardian Scouts. Its unique blade was forged using ancient technology. Although powerful, its unusual shape causes it to break easily."
Ancient Battle Axe+,Weapon,Heavy,20.0,45.0,"This ancient battle axe's damage output has been increased to maximum. It's sharp enough to cut through almost anything, so it may have been used to forge new routes."
Ancient Battle Axe++,Weapon,Heavy,25.0,60.0,This ancient battle axe's damage output is scaled up to peak performance. Ancient technology makes it possible to enhance cutting power beyond metal weapons' limits.
Ancient Bladesaw,Weapon,Heavy,50.0,55.0,This two-handed sword was forged using ancient Sheikah technology. Its unique rotating blades give it impressive cutting power that will slice enemies to shreds.
Biggoron's Sword,Weapon,Heavy,60.0,50.0,A legendary greatsword forged by a Goron craftsman for a hero who traveled through time. The exceptionally sharp cutting edge is a testament to the craftsman's mastery.
Boat Oar,Weapon,Heavy,8.0,14.0,"Made for paddling boats, but it was made sturdy enough to fight strong currents. Maybe it's useful for self-defense in a pinch."
Boko Bat,Weapon,Heavy,12.0,6.0,"A clunky club made by a Bokoblin. If you swing it at an enemy's shield, it may be able to knock the shield out of your foe's hand."
Boulder Breaker,Weapon,Heavy,60.0,60.0,"This two-handed weapon was once wielded by the Goron Champion Daruk. Daruk made swinging it around look easy, but a Hylian would need an immense amount of strength."
Cobble Crusher,Weapon,Heavy,30.0,15.0,"A Goron-made two-handed weapon. It's made from thick, hard metal and has no cutting edge, so it relies on its sheer weight to crush all opponents."
Double Axe,Weapon,Heavy,52.0,18.0,"This double-sided axe was designed with fighting in mind. It's a bit unwieldy, so it requires a well-practiced technique to use efficiently."
Dragonbone Boko Bat,Weapon,Heavy,16.0,36.0,"Used by only the toughest Bokoblin warriors, this Boko bat has been fortified by fossilized bone. It boasts a high durability and is strong enough to beat down powerful foes."
Dragonbone Moblin Club,Weapon,Heavy,24.0,45.0,"The bone of an ancient beast has been affixed to this Moblin club, further increasing its damage. Moblins carrying these in battle are particularly dangerous."
Drillshaft,Weapon,Heavy,50.0,14.0,"Goron artisans used recycled metal to forge this weapon. The tip is made from an old excavation bore, which affords it unmatched piercing capabilities."
Edge of Duality,Weapon,Heavy,35.0,50.0,A curious double-edged sword crafted using Sheikah technology. It was originally made for Hyrulean knights unfamiliar with single-edged blades.
Eightfold Longblade,Weapon,Heavy,25.0,32.0,A single-edged sword seldom seen in Hyrule. This weapon is passed down through the Sheikah tribe and has an astonishingly sharp edge ideal for slicing.
Farming Hoe,Weapon,Heavy,6.0,16.0,"A farming tool primarily used for tilling fields. Its fine craftsmanship is sturdy enough to withstand backbreaking fieldwork, but its battle applications are untested."
Feathered Edge,Weapon,Heavy,27.0,15.0,"Rito craftsmen forged this lightweight, double-edge sword so Rito warriors could soar into battle unhindered by its weight."
Fierce Deity Sword,Weapon,Heavy,35.0,60.0,A peculiar greatsword allegedly used by a hero from a world in which the moon threatened to fall. It slashes wildly in battle as if possessed by a fierce deity.
Giant Boomerang,Weapon,Heavy,40.0,25.0,"This massive boomerang requires two hands. Originally used for hunting, it was modified for use as a weapon. The blades on the inner curves make it a bit tricky to wield."
Golden Claymore,Weapon,Heavy,30.0,28.0,Only the most talented Gerudo sword fighters carry this two-handed sword. It's actually much lighter than it appears and is surprisingly easy to wield.
Great Flameblade,Weapon,Heavy,50.0,34.0,This magic-infused greatsword was forged in the fires of Death Mountain by Goron smiths in an ancient age. Attack when the blade glows red to expel flames.
Great Frostblade,Weapon,Heavy,40.0,30.0,This magic-infused greatsword was forged by smelting ore found in the Hebra Mountains' permafrost. Attack when the blade glows blue to expel freezing air.
Great Thunderblade,Weapon,Heavy,50.0,32.0,This magic-infused greatsword was forged by the Hyrulean royal family using lightning from the Hyrule Hills. Attack when the blade glows golden to expel lightning.
Iron Sledgehammer,Weapon,Heavy,40.0,12.0,"This large iron sledgehammer was originally used for mining, but it works reasonably well as a weapon too."
Knight's Claymore,Weapon,Heavy,30.0,38.0,Only the most confident of Hyrule Castle's knights carried this two-handed sword. Its cutting edge is finely honed.
Korok Leaf,Weapon,Heavy,25.0,1.0,"A single swing of this giant, sturdy leaf can create a gust of wind strong enough to blow away light objects."
Lynel Crusher,Weapon,Heavy,20.0,36.0,"This two-handed weapon is favored by the Lynels. It may be more accurate to call it a lump of metal than a weapon, but if wielded by a Lynel, it can pound you into a fine dust."
Mighty Lynel Crusher,Weapon,Heavy,25.0,54.0,"This Lynel-made two-handed weapon has been reinforced to increase its durability and striking power. Its overwhelming heft will crush your foe, shield and all."
Mighty Lynel Spear,Weapon,Heavy,35.0,20.0,"The weight and cutting edge of this Lynel-made spear have both been enhanced. It's immensely heavy for a Hylian, but a Lynel can cleave through rock with a single swing."
Moblin Arm,Weapon,Heavy,5.0,15.0,A Moblin bone that continues to move even after being detached from its body. The bone is thick enough to be used as a weapon but is extremely brittle and easily broken.
Moblin Club,Weapon,Heavy,12.0,9.0,"A crudely fashioned club favored by Moblins. It's carved from a sturdy tree but is sloppily made, so it breaks easily."
Royal Claymore,Weapon,Heavy,40.0,52.0,A two-handed sword issued to the Hyrulean royal family's immediate guard detail. Its powerful strikes are said to crush an opponent's body and resolve alike.
Royal Guard's Claymore,Weapon,Heavy,15.0,72.0,"The Sheikah used the very essence of ancient technology to forge this greatsword. It was designed to oppose the Calamity, but its low durability made it impractical in battle."
Rusty Claymore,Weapon,Heavy,10.0,12.0,"A two-handed sword not properly cared for. Although it can be used as a weapon, its durability is very low. Don't expect it to last for more than a few strikes."
Savage Lynel Crusher,Weapon,Heavy,35.0,78.0,This Lynel-made two-handed weapon is immensely heavy thanks to a rare metal from Death Mountain's peak. The power of its downward swing is in a class all its own.
Silver Longsword,Weapon,Heavy,30.0,22.0,"Although the Zora prefer spears to swords, they made this two-handed weapon using a special metal. It found popularity among Hylians for its unique design."
Soldier's Claymore,Weapon,Heavy,25.0,20.0,A two-handed sword designed for combat. It's heavy and hard to use but has decent build quality and durability.
Spiked Boko Bat,Weapon,Heavy,12.0,18.0,"After much consideration by Bokoblins on how to improve the Boko bat, they simply attached sharp spikes to it. A skilled fighter can cause immense damage with this."
Spiked Moblin Club,Weapon,Heavy,18.0,27.0,Animal bone has been affixed to this Moblin club to greatly improve its damage.
Stone Smasher,Weapon,Heavy,40.0,42.0,"A two-handed weapon forged from a rare metal mined in Goron City. Its center of gravity is at its tip, so it uses centrifugal force and its sheer weight to smash opponents flat."
Sword of the Six Sages,Weapon,Heavy,50.0,48.0,The Six Sages are said to have forged this longsword to seal a demon king in the world where the hero fought against the beasts of twilight. The blade shines with a holy luster.
Traveler's Claymore,Weapon,Heavy,20.0,10.0,A basic two-handed sword often wielded by aspiring adventurers. Its immense weight can knock enemies' shields right out of their hands.
Windcleaver,Weapon,Heavy,25.0,40.0,"This sword is favored by high-ranking members of the Yiga. When wielded by a proficient fighter, its unique shape cleaves the very wind and creates a vacuum."
Woodcutter's Axe,Weapon,Heavy,47.0,3.0,"A woodcutter's tool of choice for felling trees. Its formidable weight and uneven balancing make it a slow, inefficient weapon."
Ancient Spear,Weapon,Pole-arm,50.0,30.0,This spear is the result of countless hours of research into the ancient technology used by Guardians. The glowing spearhead has high piercing potential.
Boko Spear,Weapon,Pole-arm,12.0,2.0,"A spear recklessly carved from a tree branch. Useful for skewering fish and meat, which can then be cooked over a flame. If it's close to breaking, consider throwing it."
Ceremonial Trident,Weapon,Pole-arm,40.0,14.0,"A spear modeled after the Lightscale Trident wielded by the Zora Champion Mipha. They may be identical in appearance, but this spear's strength and durability are inferior."
Dragonbone Boko Spear,Weapon,Pole-arm,20.0,12.0,This Boko spear has been strengthened with fossilized bones. The bones are positioned outward so the fangs bite at the opponent. Beware Bokoblins carrying this weapon.
Dragonbone Moblin Spear,Weapon,Pole-arm,25.0,15.0,"This spear is a fan favorite among Moblins. The spearhead is made from fossilized bones adorned with spikes, which greatly increases its stabbing power."
Enhanced Lizal Spear,Weapon,Pole-arm,22.0,12.0,"Judging by the harpoon-like spearhead of this Lizalfos-made spear, the Lizalfos use it for fishing as well as combat. Try not to get caught on the wrong end of its barbs."
Farmer's Pitchfork,Weapon,Pole-arm,12.0,2.0,A farming tool used to collect hay efficiently. It's light enough to be used by anyone. The four prongs are very sharp.
Feathered Spear,Weapon,Pole-arm,35.0,10.0,"Its lightweight design is a hallmark of Rito craftsmanship. It's made from light and sturdy materials, which afford Rito warriors ease of use during aerial combat."
Flamespear,Weapon,Pole-arm,50.0,24.0,A magical spear forged in the magma of Death Mountain. Attack when the blade glows to expel powerful flames.
Forest Dweller's Spear,Weapon,Pole-arm,35.0,11.0,"The Koroks made this spear for Hylians. The shaft is made from a light, sturdy wood, offering ease of use. The spearhead is made from a much harder wood, offering strength."
Forked Lizal Spear,Weapon,Pole-arm,28.0,18.0,"Skilled Lizalfos warriors tend to favor this spear. What it lacks in piercing power, it makes up for with the brutal wounds its dual ripping blades will inflict."
Frostspear,Weapon,Pole-arm,40.0,20.0,A magical spear forged from ancient ice taken from the Hebra Mountains. Attack when the blade glows blue to chill the air and freeze your foe.
Gerudo Spear,Weapon,Pole-arm,35.0,16.0,"This spear's center of gravity is in its tip, making it a bit unwieldy for the average fighter. But in the hands of a skilled Gerudo warrior, it's a weapon of reliable strength."
Guardian Spear,Weapon,Pole-arm,20.0,10.0,"Wielded by Guardian Scouts, this spear has a high piercing power and is a testament to the Sheikah's high level of technology. the spearhead appears only when brandished."
Guardian Spear+,Weapon,Pole-arm,25.0,15.0,"The tip of this Guardian spear has been enlarged and strengthened. It's a bit shorter than your average spear, perhaps to facilitate use in tight spaces."
Guardian Spear++,Weapon,Pole-arm,35.0,20.0,"This Guardian spear's output has been boosted to the maximum. The spearhead is designed for optimal stabbing, capable of easily piercing most armor."
Knight's Halberd,Weapon,Pole-arm,40.0,13.0,A spear used by knights adept in mounted combat. The spearhead is modeled after an axe.
Lightscale Trident,Weapon,Pole-arm,70.0,22.0,"A spear of peerless grace cherished by the Zora Champion Mipha. Although Mipha specialized in healing abilities, her spearmanship was in a class all its own."
Lizal Spear,Weapon,Pole-arm,18.0,7.0,"Judging by the harpoon-like spearhead of this Lizalfos-made spear, the Lizalfos use it for fishing as well as combat. Try not to get caught on the wrong end of its barbs."
Lynel Spear,Weapon,Pole-arm,25.0,14.0,"The crescent-shaped spearhead of this Lynel-made weapon gives it poor balance, making it difficult to wield. Lynels, however, can swing it effectively with a single hand."
Moblin Spear,Weapon,Pole-arm,15.0,4.0,"This wooden spear is most often used by Moblins. It's made from a hastily whittled tree, so its stabbing power and durability are both pretty low."
Royal Guard's Spear,Weapon,Pole-arm,15.0,32.0,"This Sheikah-made spear was created using ancient technology to combat the Calamity. Its attack power is very high, but a critical design flaw left it with poor durability."
Royal Halberd,Weapon,Pole-arm,50.0,26.0,This spear was issued to the knights who guarded Hyrule Castle's throne room. Its ornate design was applied by a craftsman in service to the royal family.
Rusty Halberd,Weapon,Pole-arm,15.0,5.0,"A rusty polearm likely used by knights from an age past. The spearhead is in bad shape due to prolonged exposure to the elements, so its durability is low."
Savage Lynel Spear,Weapon,Pole-arm,45.0,30.0,White-haired Lynels favor this brutal spear. Its axe-like spearhead and exceptional weight give it absolute destructive power.
Serpentine Spear,Weapon,Pole-arm,35.0,12.0,The spearhead of this weapon is uniquely Sheikah in design. Spear masters of the Sheikah tribe can use the crescent shape to snag their opponents and deliver brutal cuts.
Silverscale Spear,Weapon,Pole-arm,40.0,12.0,The most skilled Zora fighters wield this spear. Its beautiful fish-tail design belies its impressive strength; the spearhead can pierce even the toughest scales.
Soldier's Spear,Weapon,Pole-arm,35.0,7.0,A long spear once used by the guards of Hyrule Castle. Easy to use but difficult to master. The iron tip is very sturdy and the shaft will not burn when exposed to flame.
Spiked Boko Spear,Weapon,Pole-arm,15.0,6.0,"A Boko spear enhanced with sharpened animal bones. It's light, easy to use, and deals a decent amount of damage."
Spiked Moblin Spear,Weapon,Pole-arm,20.0,9.0,"This Moblin-made spear uses a horned animal bone as the spearhead. Like many Moblin weapons it's sloppily made, but this one packs some respectable piercing power."
Throwing Spear,Weapon,Pole-arm,20.0,6.0,"A specialized spear weighted to excel as a throwing weapon. It's perfectly balanced to be thrown farther than your average spear, able to pierce targets from a great distance."
Thunderspear,Weapon,Pole-arm,50.0,22.0,A magical spear that contains thunder from Thundra Plateau in its tip. Attack when the blade glows with a golden light to unleash an electrical attack.
Traveler's Spear,Weapon,Pole-arm,30.0,3.0,A spear used mainly by travelers to fend off wolves and other beasts. It's easy to hold and simple to use.
Wooden Mop,Weapon,Pole-arm,8.0,5.0,"Just a mop to the untrained eye, it excels at tidying up the place. But it owes its sturdy construction to a true craftsman, so it actually has some combat merit."
Zora Spear,Weapon,Pole-arm,40.0,9.0,This spear is a Zora's weapon of choice. It's lighter than it looks due to being made from a special metal and is used by the Zora for both fishing and protecting their domain.
Ancient Shield,Shield,not apply,32.0,70.0,This shield was made using ancient Sheikah technology. Its surface glows blue when raised in defense. Enhanced functionality allows it to deflect Guardian beams.
Boko Shield,Shield,not apply,5.0,3.0,"A Bokoblin-made shield created by attaching a handhold to any flat tree bark picked up off the ground. It's pretty shoddy, so don't expect it to last very long."
Daybreaker,Shield,not apply,60.0,48.0,This shield was cherished by the Gerudo Champion Urbosa. The gold used to make it was handpicked to ensure a design that is both lightweight and very durable.
Dragonbone Boko Shield,Shield,not apply,8.0,25.0,"This Boko shield is reinforced with fossilized bone. Its defensive capabilities are respectable, but its predictably slipshod craftsmanship spells low disability."
Emblazoned Shield,Shield,not apply,12.0,3.0,"This shield features a traditional design from Necluda. Its combat capabilities aren't much better than the standard wooden shield, but it found popularity for its design."
Fisherman's Shield,Shield,not apply,10.0,3.0,"Often carried by fishermen for its fish design, which represents hope for a great catch. Its light wooden structure makes it convenient to take on a boat."
Forest Dweller's Shield,Shield,not apply,18.0,30.0,"The Koroks made this shield specifically for Hylians. It's made from the finest hard wood of trees that grow only in the Korok forest, so it's sturdier than it looks."
Gerudo Shield,Shield,not apply,20.0,20.0,The design of this metal shield has changed over time to match the Gerudo's sword-and-shield fighting style. It's favored by soldiers and travelers alike.
Guardian Shield,Shield,not apply,10.0,18.0,A shield made with ancient Sheikah technology. It can deflect a Guardian Scout's beam.
Guardian Shield+,Shield,not apply,13.0,30.0,The larger version of a Guardian shield has had its output level boosted. Its defensive capabilities are comparable to those of a metal shield's.
Guardian Shield++,Shield,not apply,20.0,42.0,"The output level of this shield has been boosted to maximum. Its combat capabilities surpass those of metallic shields, and it can deflect Guardian Scout beams."
Hero's Shield,Shield,not apply,90.0,65.0,"A shield said to have been the favorite of a hero who traveled the open seas. It was apparently a family heirloom, passed down through many generations."
Hunter's Shield,Shield,not apply,10.0,3.0,"Favored by hunters for its rabbit design, which is said to bring luck on hunts. It's easy to use, but its durability leaves something to be desired."
Hylian Shield,Shield,not apply,800.0,90.0,"A shield passed down through the Hyrulean royal family, along with the legend of the hero who wielded it. Its defensive capabilities and durability outshine all other shields."
Kite Shield,Shield,not apply,16.0,14.0,Rito warriors cherish this shield. Its unique shape is designed with mid-battle flight in mind to facilitate aerial combat.
Knight's Shield,Shield,not apply,23.0,40.0,"A shield favored by the knights who served the Hyrulean royal family. Its sturdy metal construction makes it quite durable, but its weight requires decent skill to wield."
Lizal Shield,Shield,not apply,8.0,15.0,"A common shield found among the Lizalfos. It's made of metal, but its sloppy craftsmanship offers poor durability."
Lynel Shield,Shield,not apply,12.0,30.0,"A sturdy shield favored by Lynels for its defensive and offensive capabilities. First and foremost a shield, but the banded edges can deal slashing attacks when deflecting."
Mighty Lynel Shield,Shield,not apply,15.0,44.0,"This Lynel-made shield has been reinforced with armor and even more blades. Stronger in both defense and offense, it can tear through basic armor when deflecting."
Pot Lid,Shield,not apply,10.0,1.0,The lid of a large soup pot. It smells vaguely of chicken broth... Yum! It can take quite a beating before breaking.
Radiant Shield,Shield,not apply,26.0,35.0,This extravagant shield is presented to Gerudo warriors who rise up to the rank of captain. Its apparent opulence is rivaled only by its combat capabilities.
Reinforced Lizal Shield,Shield,not apply,12.0,22.0,"This Lizal shield has been strengthened by adding a different type of metal to the mix. The edge is lined with spikes, so handle with care."
Royal Guard's Shield,Shield,not apply,14.0,70.0,"This shield was forged using ancient Sheikah technology. It boasts extremely high stopping power, but its structural weakness made its low durability impractical for combat."
Royal Shield,Shield,not apply,29.0,55.0,"A shield issued to the Hyrulean royal family's immediate guard detail. It boasts a high defense, but these days it's more a collector's item due to its ornamentation."
Rusty Shield,Shield,not apply,16.0,3.0,"It's likely this rusty old shield once belonged to a knight. It still has some defensive capabilities, but its usefulness has been worn down by time."
Savage Lynel Shield,Shield,not apply,20.0,62.0,This ultimate Lynel shield is used only by the white-haired Lynels. It excels at defending against even the most brutal of attacks and cutting down powerful fores when deflecting.
Shield of the Mind's Eye,Shield,not apply,16.0,16.0,A small Sheikah-made shield. Its design is intended to decrease blind spots without sacrificing too much defense.
Silver Shield,Shield,not apply,20.0,18.0,A Zora-made shield adorned with intricate ornamentation. It's said that true masters of this shield can redirect attacks as a rock redirects running water.
Soldier's Shield,Shield,not apply,16.0,16.0,"A shield once used by the guards of Hyrule Castle. It's easy to handle, but its core is made of wood, so it can catch fire."
Spiked Boko Shield,Shield,not apply,7.0,10.0,A Boko shield made of slightly stronger wood. It's been reinforced with animal bones.
Steel Lizal Shield,Shield,not apply,15.0,35.0,"This Lizal shield is adorned with several metal shells as a means of reinforcement. Its defensive capabilities are high, but its weight requires a skilled soldier to bear."
Traveler's Shield,Shield,not apply,12.0,4.0,A sturdy shield loved by many an adventurer. It is made of animal hide and sturdy wood and is best suited to defending against weak monsters or animals.
Wooden Shield,Shield,not apply,12.0,2.0,"This lightweight, simple shield is ideal for less-experienced fighters. It can withstand light attacks, but blocking stronger blows is not recommended."
Ancient Bow,Bow,not apply,120.0,44.0,"This bow is the result of Robbie's research. Ancient Sheikah technology allows it heightened functionality, Arrows fired from it travel in a perfectly straight line."
Boko Bow,Bow,not apply,16.0,4.0,"A basic Bokoblin bow made of wood. It's made by taking any tree branch and tying a string to either end, so don't expect much in the way of combat effectiveness."
Bow of Light,Bow,not apply,100.0,100.0,"Princess Zelda gave you this bow and arrow for the battle with Dark beast Ganon. When wielded by the hero, it fires arrows of pure light strong enough to oppose the Calamity."
Dragon Bone Boko Bow,Bow,not apply,30.0,24.0,"A Boko bow reinforced by fossils. Bokoblins handpicked the materials it's made from, so it boasts a respectable firepower."
Duplex Bow,Bow,not apply,18.0,14.0,A bow favored by the skilled archers of the Yiga Clan. It's been engineered to fire two arrows at once to ensure your target comes to a swift and none-too-pleasant halt.
Falcon Bow,Bow,not apply,50.0,20.0,"A highly refined Rito-made bow created by a master Rito craftsman. Rito warriors favor it for its superior rate of fire, which helps them excel even further at aerial combat."
Forest Dweller's Bow,Bow,not apply,35.0,15.0,"The Koroks made this bow for Hylians. It's crafted from flexible wood and uses sturdy vines for the bowstring. Its construction may be simple, but it fires multiple arrows at once."
Golden Bow,Bow,not apply,60.0,14.0,"This Gerudo-made bow is popular for the fine ornamentations along its limbs. Designed for hunting and warfare alike, this bow was engineered to strike distant targets."
Great Eagle Bow,Bow,not apply,60.0,28.0,"A bow without equal wielded by the Rito Champion, Revali. it's said Revali could loose arrows with the speed of a gale, making him supreme in aerial combat."
Knight's Bow,Bow,not apply,48.0,26.0,"The sturdy metal construction of this bow offers superior durability, while its lack of firing quirks makes it quite reliable. Once favored by the knights at Hyrule Castle."
Lizal Bow,Bow,not apply,25.0,14.0,A wooden bow created by Lizalfos. It's reinforced by the bones of a large fish - a marked improvement over any standard wooden bow.
Lynel Bow,Bow,not apply,30.0,10.0,A Lynel-made bow crafted from rough metal. True to the vicious nature of Lynel weaponry. It fires a spread of multiple arrows at once. Ideal for taking down quick-moving targets.
Mighty Lynel Bow,Bow,not apply,35.0,20.0,"This massive Lynel bow sports a bowstring made from a metal so tough, mere Hylians have trouble drawing it back."
Phrenic Bow,Bow,not apply,45.0,10.0,A bow passed down through the Sheikah tribe. Concentrating before drawing the string will allow you to target distant enemies as easily as those nearby.
Reinforced Lizal Bow,Bow,not apply,35.0,25.0,"A Lizal bow with a grip reinforced by metal. The body is made from the branches of a flexible tree that grows near water, which offers some serious destructive power."
Royal Bow,Bow,not apply,60.0,38.0,"In the past, the king of Hyrule presented this bow to only the most talented archers in the land. Its combat capabilities are as impressive as its extravagant design."
Royal Guard's Bow,Bow,not apply,20.0,50.0,"This prototype Sheikah-made bow was designed to fight the Great Calamity. made with anient technology, it boasts a high rate of fire and firepower but has low durability."
Savage Lynel Bow,Bow,not apply,45.0,32.0,This Lynel bow is made from a special steel found at the peak of Death Mountain. It has tremendous stopping power and can pierce thick armor as easily as thin paper.
Silver Bow,Bow,not apply,40.0,15.0,"A bow favored by the Zora for fishing. It doesn't boast the highest firepower, but the special metal it's crafted from prioritizes durability."
Soldier's Bow,Bow,not apply,36.0,14.0,"A bow designed for armed conflict. Inflicts more damage than a civilian bow, but it will still burn if it touches fire."
Spiked Boko Bow,Bow,not apply,20.0,12.0,"An upgraded Boko Bow bound with animal bone to boost its durability and firepower. Its craftsmanship is sloppy, but it's light and easy to use."
Steel Lizal Bow,Bow,not apply,50.0,36.0,This bow is wielded by lizalfos who are expert marksmen. The metal that reinforces much of the weapon adds some additional weight but offers heightened durability.
Swallow Bow,Bow,not apply,30.0,9.0,"This bow is a favorite among Rito warriors. The bowstring has been specially engineered for aerial combat, which allows it to be drawn faster than a normal bow."
Traveler's Bow,Bow,not apply,22.0,5.0,"A small bow used by travelers for protection. It doesn't do a lot of damage, but it can be used to attack foes from a distance."
Twilight Bow,Bow,not apply,100.0,30.0,"A bow used by the princess who fought the beasts of twilight alongside the hero. It's said to contain the spirits of light's power. It fires arrows straight and true, as if beams of light."
Wooden Bow,Bow,not apply,20.0,4.0,"This wooden bow may not be the most reliable for battling monsters, but it is excellent for hunting small animals."
Arrow,Bow,Arrow,0.0,0.0,not apply
Ancient Arrow,Bow,Arrow,0.0,0.0,not apply
Fire Arrow,Bow,Arrow,0.0,0.0,not apply
Shock Arrow,Bow,Arrow,0.0,0.0,not apply
Light Arrow,Bow,Arrow,0.0,0.0,not apply
Bomb Arrow,Bow,Arrow,0.0,0.0,not apply
Silver Arrow,Bow,Arrow,0.0,0.0,not apply
Ancient Cuirass,Armor,Body,0.0,0.0,This armor was created by ancient Sheikah technology using Guardian parts. Equipping it will reduce the damage you take from ancient weaponry.
Barbarian Armor,Armor,Body,0.0,0.0,Armor once favored by an ancient warlike tribe from the Faron region. The war paint bolsters your fighting spirit and raises your attack power.
Champion's Tunic,Armor,Body,0.0,0.0,"In ancient Hyrule, this garment could only be worn by one who had earned the respect of the royal family. Equipping it will reveal an enemy's life gauge."
Climbing Gear,Armor,Body,0.0,0.0,The ancient technology in this gear will make you a better climber. The special no-slip gloves help you use your energy more efficiently to facilitate nimble climbing.
Dark Tunic,Armor,Body,0.0,0.0,Kilton developed this jet-black armor as a result of his monster research. A spurious replica of the green outfit once worn by a legendary hero.
Desert Voe Spaulder,Armor,Body,0.0,0.0,"Armor for males sold rarely by Gerudo retailers. It contains sapphire, which harnesses the power of ice to make hot climates more tolerable."
Fierce Deity Armor,Armor,Body,0.0,0.0,"Legend has it this armor once belonged to the hero of a world in which the moon threatened to fall. When you wear it, you feel a fierce, godlike power flow through you."
Flamebreaker Armor,Armor,Body,0.0,0.0,Armor crafted by Gorons for Hylians curious enough to visit Goron City. It's made from fire-resistant rocks to protect the wearer.
Gerudo Top,Armor,Body,0.0,0.0,"Standard Gerudo garb popular for its open, breathable design and for the traditional Gerudo markings that adorn it."
Hylian Tunic,Armor,Body,0.0,0.0,"A common garb that achieved widespread popularity in Hyrule, particularly among travelers. Its light-yet-sturdy fabric doesn't limit movement."
Nintendo Switch Shirt,Armor,Body,0.0,0.0,"Expansion Pass Bonus A shirt with the Nintendo Switch logo on it. It's a rare article, if you sell it, you can't get it back, so wear it with pride!"
Old Shirt,Armor,Body,0.0,0.0,"A thin shirt made long ago. It's coming apart at the seams, but it's better than nothing. The sleeves are a bit on the short side."
Phantom Armor,Armor,Body,0.0,0.0,"Myths abound about armored phantoms that terrorized brave heroes. This piece looks just like the armor they supposedly wore. If sold, this rare find can't be replaced."
Radiant Shirt,Armor,Body,0.0,0.0,This shirt is sold at the Gerudo Secret Club. It glows with a strange pattern in the dark due to a dye made from crushed luminous stones.
Rubber Armor,Armor,Body,0.0,0.0,"This armor has built-in electricity resistance thanks to its source material—an ancient marvel called ""rubber."" Such technology does not exist in this modern age."
Snowquill Tunic,Armor,Body,0.0,0.0,"Lined with molted Rito feathers, this tunic was made by Rito artisans for Hylians visiting cold climates. The feathers are stacked in each layer to retain body heat."
Soldier's Armor,Armor,Body,0.0,0.0,"Hyrulean guards praised this armor for its superior defense. Made from sturdy plates of metal, the high level of craftsmanship that went into it is obvious with just a glance."
Stealth Chest Guard,Armor,Body,0.0,0.0,"Armor designed for stealth, passed down through the Sheikah tribe. The special fabrics suppress the rustling of clothes even when moving quickly."
Tingle's Shirt,Armor,Body,0.0,0.0,"There was once a man who claimed to be the very reincarnation of a fairy. He tresured this shirt, and so will you. Kooloo-Limpah! If sold, this rare find can't be replaced."
Tunic of the Hero,Armor,Body,0.0,0.0,"Legend has it this armor was once cherished by a hero from ancient times. Its design is rather simple, but it's such a traditional look."
Tunic of Time,Armor,Body,0.0,0.0,"Legend has it this armor was once worn by a hero who traveled through time. Strangely, its special design is fitted for children and adults alike."
Tunic of Twilight,Armor,Body,0.0,0.0,Legend has it this armor was once worn by a hero who battled the monsters of twilight. There still seems to be some hair clinging to it... Looks like it may be from a wolf?
Tunic of the Wild,Armor,Body,0.0,0.0,"This armor was apparently crafted for a hero who travels the wilds. Strangely enough, it's just your size."
Tunic of the Wind,Armor,Body,0.0,0.0,Legend has it this armor was once cherished by a hero who sailed the Great Sea. It's said to have been a gift from his grandmother.
Tunic of the Sky,Armor,Body,0.0,0.0,Legend has it this armor was once worn by a hero who appeared from the sky riding atop a mighty bird. Apparently it was presented to celebrate the completion of a ceremony.
Warm Doublet,Armor,Body,0.0,0.0,A warm pullover typically worn by mountain folk. Its sturdy fabric and thick gloves are great at retaining body heat.
Zora Armor,Armor,Body,0.0,0.0,Custom armor painstakingly crafted by each generation's Zora princess for her future husband. Wearing it will give you the ability to swim up waterfalls.
Amber Earrings,Armor,Head,0.0,0.0,"One of the items sold by the Gerudo jeweler. These earrings are made with amber, a gem that harnesses the power of the land to increase defense when equipped."
Ancient Helm,Armor,Head,0.0,0.0,This headgear is the result of Robbie's research. It uses Guardian parts to decrease damage from ancient energy attacks.
Barbarian Helm,Armor,Head,0.0,0.0,"A helmet once worn by the warriors of an ancient warlike tribe from the Faron region. Wearing it draws out your inner animal, increasing your strength and battle prowess."
Bokoblin Mask,Armor,Head,0.0,0.0,"Kilton's handmade Bokoblin headgear. It's almost charming in a cute, monstrous kind of way... Equip it to blend in with Bokoblins."
Cap of the Hero,Armor,Head,0.0,0.0,"According to legend, this cap was once treasured by an ancient hero. It's quite the simple cap, yet there's something about it that's just so appealing..."
Cap of the Wild,Armor,Head,0.0,0.0,"According to legend, this cap was crafted for a hero who travels the wild lands. Wearing it just feels so right."
Cap of the Wind,Armor,Head,0.0,0.0,"According to legend, this cap was treasured by a hero who traveled the Great Sea. It flaps quite serenely in a soft sea breeze."
Cap of the Sky,Armor,Head,0.0,0.0,"According to legend, this cap was once worn by a hero who appeared from the sky riding a mighty bird. Perfect for those who long to take to the skies."
Cap of Time,Armor,Head,0.0,0.0,"According to legend, this cap was once worn by a hero who traveled through time. A truly timeless item perfect for kids and adults alike!"
Cap of Twilight,Armor,Head,0.0,0.0,"According to legend, this cap was once worn by a hero who battled the monsters of twilight. For one reason or another, it seems to smell of some beast..."
Climber's Bandanna,Armor,Head,0.0,0.0,"It may look like a regular bandanna, but it's actually infused with ancient technology that enhances core strength to improve your climbing ability."
Dark Hood,Armor,Head,0.0,0.0,This headgear is the product of Kilton's monster research. He crafted it with a monster born from the shadows in mind. The eyes glow an eerie red in the dark.
Desert Voe Headband,Armor,Head,0.0,0.0,"Gerudo armor for males. Contains sapphire, which harnesses the power of ice to make the heat more bearable."
Diamond Circlet,Armor,Head,0.0,0.0,"A luxurious headpiece sold at Gerudo jewelry shops. It's decorated with a diamond, which harnesses the power of light to reduce damage received from ancient enemies."
Fierce Deity Mask,Armor,Head,0.0,0.0,"Legends say this mask was once worn by a hero from a world in which the moon threatened to fall. It looks scary, but wearing it offers fierce, godlike power."
Flamebreaker Helm,Armor,Head,0.0,0.0,"Stone headgear made by Goron craftsmen to protect tourists visiting Goron City. As if its flame resistance isn't enough of a selling point, it also covers your entire head!"
Gerudo Veil,Armor,Head,0.0,0.0,"A mask worn by Gerudo women. It protects the skin from the harsh sun, but don't expect it to protect much in combat..."
Hylian Hood,Armor,Head,0.0,0.0,A hood woven using traditional Hyrulean methods. It's made from a sturdy material to protect travelers from the harsh sun and weather.
Korok Mask,Armor,Head,0.0,0.0,"A mask inspired by those fun-loving Koroks. It shakes when one is hiding nearby. If sold, this rare find can't be replaced."
Lizalfos Mask,Armor,Head,0.0,0.0,Kilton's handmade Lizalfos headgear. It's designed to replicate the unique tongue and horn of the Lizalfos. Equip it to blend in with Lizalfos.
Lynel Mask,Armor,Head,0.0,0.0,"Kilton's handmade Lynel headgear. It's so well crafted, it can deceive a real Lynel. Equip it to blend in with Lynels, but don't linger too long. Those beasts are smart."
Majora's Mask,Armor,Head,0.0,0.0,"An eerie mask passed down from ancient times. Wearing it makes it harder for certain enemies to spot you. If sold, this rare find can't be replaced."
Midna's Helmet,Armor,Head,0.0,0.0,"A helmet much like the one Midna wore when she fought alongside the Hero of Twilight. If sold, this rare find can't be replaced."
Moblin Mask,Armor,Head,0.0,0.0,Kilton's handmade Moblin headgear. It's designed to replicate the Moblin's distinct long nose and large horn. Equip it to blend in with Moblins.
Opal Earrings,Armor,Head,0.0,0.0,"Earrings sold at Gerudo jewelry shops. They contain opal, a gem that harnesses the power of water to increase your swimming speed."
Phantom Helmet,Armor,Head,0.0,0.0,"Myths abound about armored phantoms that terrorized brave heroes. This helmet looks just like the ones they supposedly wore. If sold, this rare find can't be replaced."
Radiant Mask,Armor,Head,0.0,0.0,"A special mask for members of the Gerudo Secret Club. Painted with dye made from crushed luminous stones, it gives off a lurid, mysterious glow in the dark."
Ruby Circlet,Armor,Head,0.0,0.0,"A headpiece made by Gerudo craft workers. It's set with a ruby, a gem that harnesses the power of fire to make cold climates more bearable."
Rubber Helm,Armor,Head,0.0,0.0,"A helmet made from ancient techniques and electricity-resistant material. It's made from something called ""rubber,"" a material that can no longer be found."
Sapphire Circlet,Armor,Head,0.0,0.0,"An intricate headpiece crafted with Gerudo goldsmith techniques. It's set with a sapphire, a gem that harnesses the power of ice to make hot climates more tolerable."
Sheik's Mask,Armor,Head,0.0,0.0,"A mask said to have been worn by a Sheikah who saved a time-traveling hero. Made from the finest of Sheikah stealth fabrics, it is the final word in undercover gear."
Snowquill Headdress,Armor,Head,0.0,0.0,"A Rito accessory made from snow-bird feathers. It's adorned with a ruby, a gem that harnesses the power of fire to make cold climates more tolerable."
Soldier's Helm,Armor,Head,0.0,0.0,"Headgear made from sturdy metals for frontline soldiers. Praised for their defensive capabilities, the only helms that remain are those that survived the Calamity."
Stealth Mask,Armor,Head,0.0,0.0,"It may look like a regular cloth mask, but it was made using Sheikah crafting techniques to suppress the noisy rustling of clothes. Perfect for sneaking about."
Thunder Helm,Armor,Head,0.0,0.0,A precious heirloom passed down among the Gerudo. It deflects lightning strikes and is traditionally worn only by the Gerudo chief.
Tingle's Hood,Armor,Head,0.0,0.0,"There was once a man who claimed to be the very reincarnation of a fairy. He treasured this hood, and so will you. Kooloo-Limpah! If sold, this rare find can't be replaced."
Topaz Earrings,Armor,Head,0.0,0.0,"Earrings made by Gerudo craft workers. They're made with topaz, a gem that harnesses the power of lightning to increase electricity resistance."
Zora Helm,Armor,Head,0.0,0.0,Zora headgear made from dragon scales. Increases swimming speed and allows you to use Spin Attack.
Ancient Greaves,Armor,Leg,0.0,0.0,Robbie engineered these greaves at the research institute using the same technology found in Guardian automata. They reduce damage from ancient weaponry.
Barbarian Leg Wraps,Armor,Leg,0.0,0.0,These leg wraps were favored by a warlike tribe from the Faron region long ago. They're adorned with traditional markings that bolster your fighting spirit to raise your attack power.
Climbing Boots,Armor,Leg,0.0,0.0,These rock-climbing boots have special no-slip toes that help you cling to walls. This ancient technology facilitates more nimble climbing.
Dark Trousers,Armor,Leg,0.0,0.0,"The result of Kilton's research into monsters. Looks like your average leg wear at first, but these were created based on the image of a monster born of darkness."
Desert Voe Trousers,Armor,Leg,0.0,0.0,"Gerudo-made trousers for men sold rarely by Gerudo retailers. Sapphire is used in their creation, which harnesses the power of ice to make the heat more tolerable."
Fierce Deity Boots,Armor,Leg,0.0,0.0,"According to legend, these boots were once worn by a hero from a world in which the moon threatened to fall. Wearing them provides godlike power."
Flamebreaker Boots,Armor,Leg,0.0,0.0,Goron artisans used flame-resistant rocks to craft these fireproof boots for curious Hylians visiting Goron City.
Gerudo Sirwal,Armor,Leg,0.0,0.0,"Gerudo favor this traditional sirwal. Its short length allows for ease of movement, and its subtle design is quite fashionable."
Hylian Trousers,Armor,Leg,0.0,0.0,"Traditional dress trousers of Hyrule. The plush fabric makes these trousers quite comfortable, and their high durability makes them ideal for travelers."
Phantom Greaves,Armor,Leg,0.0,0.0,"Myths abound about armored phantoms that terrorized brave heroes. These greaves looks just like the ones they supposedly wore. If sold, this rare find can't be replaced."
Radiant Tights,Armor,Leg,0.0,0.0,"These tights are sold in the Gerudo Secret Club. They're painted with dye from crushed luminous stones, which gives them an eerie glow in the dark."
Rubber Tights,Armor,Leg,0.0,0.0,"These invaluable tights are resistant to electricity. They're made with something called ""rubber,"" an ancient technology that no longer exists in this modern age."
Sand Boots,Armor,Leg,0.0,0.0,Gerudo artisans modified these boots for life in the desert. The special soles distribute your body weight evenly so you can maintain your normal movement speed on sand.
Snow Boots,Armor,Leg,0.0,0.0,Bozai was kind enough to lend you these boots. They evenly distribute your body weight so you can maintain your normal walking speed over deep snow.
Snowquill Trousers,Armor,Leg,0.0,0.0,"The Rito sell these trousers to Hylians in Rito Village. The inside is lined with Rito feathers, so they excel at retaining body heat."
Soldier's Greaves,Armor,Leg,0.0,0.0,"Hyrulean guards favored these greaves. They owe their distinctly high defense to the metal plates they're made from, but the added weight takes some getting used to."
Stealth Tights,Armor,Leg,0.0,0.0,"Members of the Sheikah tribe wear these tights when they need to move stealthily. They're made from noise-suppressing cloth, a hallmark of ancient Sheikah technology."
Tingle's Tights,Armor,Leg,0.0,0.0,"There was once a man who claimed to be the very reincarnation of a fairy. He tresured these tights, and so will you. Kooloo-Limpah! If sold, this rare find can't be replaced."
Trousers of the Hero,Armor,Leg,0.0,0.0,"Legends say these trousers were favored by a hero from an ancient age. Their simple design is a rare aesthetic these days, but there's something classic about them."
Trousers of Time,Armor,Leg,0.0,0.0,Legends say these trousers were once worn by a hero who traveled through time. They were originally made by people who made their home in the forest.
Trousers of Twilight,Armor,Leg,0.0,0.0,Legends say these trousers were once worn by a hero who battled the beasts of twilight. The insides are lined with cozy wolf fur.
Trousers of the Wild,Armor,Leg,0.0,0.0,"Legends says these pants were tailored for a hero who travels the wilderness. Strangely enough, they're the most comfortable pair of pants you've ever worn."
Trousers of the Wind,Armor,Leg,0.0,0.0,"Legends say these trousers were cherished by a hero who sailed the Great Sea. They're water-resistant, naturally."
Trousers of the Sky,Armor,Leg,0.0,0.0,Legends say these trousers were once worn by a hero who appeared from the sky riding a mighty bird. It was the official garb of a certain order of knights.
Well-Worn Trousers,Armor,Leg,0.0,0.0,"These old trousers are threadbare in spots, but they're surprisingly comfortable. The legs are a bit too short, though."
Zora Greaves,Armor,Leg,0.0,0.0,These greaves have been passed down among the Zora for generations. It's been said they're crafted using dragon scales. Equip them to swim faster.
